5,1576012984474,5.527705,8.420889,4.6990285 
5,1576012984474,5.0630717,8.028106,4.8666797 
5,1576012984474,4.3493557,7.6592727,5.158872 
5,1576012984474,3.290757,7.3622904,5.2929935 
5,1576012984475,2.7638526,6.7395854,5.0822315 
5,1576012984475,2.3854396,6.3084817,4.296665 
5,1576012984475,2.692002,6.0114994,3.5494192 
5,1576012984475,2.299219,5.9300685,3.2380664 
5,1576012984475,1.6429834,5.9875493,3.2045362 
5,1576012984475,1.4609619,6.1504107,2.4333398 
5,1576012984475,0.92926764,6.485713,1.5950831 
5,1576012984475,0.8286768,7.074888,0.35925296 
5,1576012984475,0.86220706,7.4676714,-0.48379397 
5,1576012984475,0.6227051,7.788604,-0.1341211 
5,1576012984476,0.39757326,7.8891945,0.48379397 
5,1576012984476,0.5939649,8.133487,0.8143067 
5,1576012984476,0.6610254,8.363408,0.728086 
5,1576012984476,0.5364844,8.52627,0.4406836 
5,1576012984476,0.62749517,8.646021,0.34488282 
5,1576012984476,0.9915381,8.717872,0.5939649 
5,1576012984476,1.3507911,8.722662,1.0873389 
5,1576012984476,1.2454102,8.890313,1.5376027 
5,1576012984476,1.1256592,9.043594,2.1267774 
5,1576012984476,1.3268409,9.139395,1.9782863 
5,1576012984476,1.5328126,9.263936,1.1975098 
5,1576012984476,1.4418018,9.292676,1.1304493 
5,1576012984477,1.6286134,9.220825,1.4944923 
5,1576012984477,1.710044,9.254355,1.9591261 
5,1576012984477,1.7483643,9.354947,1.9064356 
5,1576012984477,1.8154249,9.3453665,1.5998731 
5,1576012984478,1.8681153,9.316627,1.4034815 
5,1576012984478,1.9112257,9.230406,1.4274317 
5,1576012984479,1.7004639,9.235196,1.7339942 
5,1576012984479,1.710044,9.148975,1.6429834 
5,1576012984479,1.8824854,9.062755,1.2310401 
5,1576012984479,1.7962648,9.091495,1.3507911 
5,1576012984479,1.5998731,9.110655,1.6094532 
5,1576012984479,1.5567628,9.096285,1.3172607 
5,1576012984479,1.4992822,9.144185,1.21188 
5,1576012984479,1.585503,9.101074,1.4034815 
5,1576012984479,1.6669337,9.0004835,1.5232325 
5,1576012984479,1.710044,9.024434,1.6286134 
5,1576012984479,1.7387843,9.129815,1.5280225 
5,1576012984480,1.6477735,9.158555,1.4130616 
5,1576012984480,1.5088624,9.115445,1.5663428 
5,1576012984480,1.4801221,9.077125,1.7483643 
5,1576012984480,1.5519727,9.077125,1.7483643 
5,1576012984480,1.6908839,9.115445,1.6334034 
5,1576012984480,1.7771046,9.1202345,1.4370118 
5,1576012984480,1.6813037,9.187295,1.4944923 
5,1576012984480,1.4034815,9.230406,1.3747413 
5,1576012984480,1.5423926,9.172925,1.1831397 
5,1576012984480,1.719624,9.048384,1.6142433 
5,1576012984480,1.7148341,9.005274,2.0357666 
5,1576012984480,1.4465919,9.053174,1.9830762 
5,1576012984480,1.2645704,9.1202345,1.6142433 
5,1576012984481,1.1496094,9.148975,1.346001 
5,1576012984496,1.3891114,9.038804,1.5376027 
5,1576012984518,1.705254,8.947793,1.949546 
5,1576012984538,1.6860938,8.986114,2.304009 
5,1576012984557,1.5998731,9.043594,2.2896388 
5,1576012984577,1.8250049,9.081915,1.9255958 
5,1576012984598,2.0453467,9.081915,1.6525636 
5,1576012984617,1.9016455,9.192085,1.8681153 
5,1576012984637,1.7866846,9.249566,1.9303858 
5,1576012984657,1.8106349,9.206455,1.8776954 
5,1576012984677,1.9447559,9.177715,1.7914747 
5,1576012984698,2.0070264,9.230406,1.7339942 
5,1576012984719,1.9447559,9.292676,1.8154249 
5,1576012984738,1.9591261,9.268726,1.8106349 
5,1576012984759,1.9830762,9.278306,1.8106349 
5,1576012984778,1.8968556,9.388477,1.8106349 
5,1576012984799,1.8154249,9.417217,1.710044 
5,1576012984818,1.7387843,9.460327,1.5663428 
5,1576012984838,2.088457,9.436378,1.3124708 
5,1576012984858,2.5051906,9.369317,0.9244776 
5,1576012984878,2.4716604,9.541759,0.8047266 
5,1576012984899,2.1171973,9.704619,0.9580079 
5,1576012984918,1.8202149,9.75252,1.1112891 
5,1576012984939,1.7962648,9.69504,1.1448194 
5,1576012984958,1.8776954,9.575289,0.977168 
5,1576012984979,1.8106349,9.489068,0.93405765 
5,1576012985000,1.1735597,9.551338,0.8382569 
5,1576012985019,0.60833496,9.580078,0.68018556 
5,1576012985040,0.7376661,9.560919,0.45984375 
5,1576012985059,0.6849756,9.369317,0.9915381 
5,1576012985079,0.9532178,9.398057,1.4705421 
5,1576012985103,1.6046631,9.532178,1.7818946 
5,1576012985119,2.2944288,9.230406,1.8441651 
5,1576012985140,2.5195606,9.005274,2.8788135 
5,1576012985160,2.8309133,8.842413,3.9469924 
5,1576012985179,2.6776319,9.115445,4.3158255 
5,1576012985200,2.8596535,9.077125,4.3254056 
5,1576012985219,3.8559816,8.617281,3.8607717 
5,1576012985240,4.9385304,8.238868,3.788921 
5,1576012985260,5.8103175,7.5299416,4.0667434 
5,1576012985280,6.342012,7.0174074,4.038003 
5,1576012985301,6.8689165,6.638994,3.4967287 
5,1576012985321,7.4676714,6.1312504,3.2236965 
5,1576012985341,7.3862405,5.4175344,3.6931202 
5,1576012985360,6.13604,4.497847,3.9278321 
5,1576012985382,3.8799317,3.7937112,2.4093897 
5,1576012985402,0.75203615,3.6883302,0.1820215 
5,1576012985424,-2.308799,3.4727786,-1.2166699 
5,1576012985446,-5.087022,3.0608351,-1.9974464 
5,1576012985466,-8.018526,2.7542725,-2.5099807 
5,1576012985486,-11.304493,2.8692336,-2.912344 
5,1576012985506,-13.996494,3.5254688,-4.009263 
5,1576012985527,-15.744859,3.8751419,-4.718189 
5,1576012985546,-17.780626,3.7985013,-3.7314405 
5,1576012985567,-19.394869,3.4775686,-3.4823585 
5,1576012985586,-20.937262,3.3386574,-3.65959 
5,1576012985607,-22.326372,3.4823585,-4.009263 
5,1576012985624,-21.607866,3.5829494,-4.5696974 
5,1576012985643,-19.878662,3.3099172,-3.5733693 
5,1576012985663,-17.579445,2.8309133,-2.7446926 
5,1576012985681,-15.481407,2.543511,-2.6009912 
5,1576012985702,-13.043277,2.4093897,-3.0177248 
5,1576012985723,-10.7871685,2.4668703,-3.4440382 
5,1576012985743,-9.1202345,2.2800586,-2.7015822 
5,1576012985766,-5.9204884,1.8824854,-2.8740237 
5,1576012985786,-1.9255958,1.8681153,-3.1087356 
5,1576012985805,0.6706055,2.1650977,-1.8250049 
5,1576012985827,2.672842,2.6009912,0.100590825 
5,1576012985846,5.225933,3.027305,1.2789404 
5,1576012985866,8.871153,3.4631984,2.6009912 
5,1576012985888,12.631333,4.047583,5.6522465 
5,1576012985907,16.03226,4.4451566,8.943004 
5,1576012985923,18.240469,4.91937,10.145303 
5,1576012985949,17.474064,5.5420756,8.401729 
5,1576012985966,14.485079,6.576724,5.479805 
5,1576012985993,12.2433405,6.969507,3.9422023 
5,1576012986004,11.625425,6.543194,3.9805226 
5,1576012986024,11.778707,5.695357,3.7266505 
5,1576012986045,10.4566555,5.0822315,2.3423293 
5,1576012986065,7.34313,4.5601172,1.1639795 
5,1576012986085,3.7410207,4.2918754,0.5939649 
5,1576012986105,1.0442286,3.7985013,0.25866213 
5,1576012986126,-0.977168,3.175796,0.0047900393 
5,1576012986146,-2.912344,2.811753,-0.49337405 
5,1576012986166,-4.9289503,2.3662794,0.033530276 
5,1576012986185,-6.605464,1.6669337,0.1820215 
5,1576012986205,-8.703502,1.1160791,-0.56522465 
5,1576012986225,-11.879297,1.4322218,-2.299219 
5,1576012986245,-15.80234,1.8441651,-4.4212065 
5,1576012986265,-18.724264,2.5243506,-6.5288234 
5,1576012986289,-20.908522,3.2476466,-6.9311867 
5,1576012986310,-21.650978,3.788921,-7.0078273 
5,1576012986330,-21.732409,4.1146436,-6.3132715 
5,1576012986350,-21.559967,4.3397756,-5.1924024 
5,1576012986368,-20.73129,4.5649076,-5.0343313 
5,1576012986390,-19.51462,4.497847,-5.345684 
5,1576012986408,-17.680035,3.9901028,-5.130132 
5,1576012986431,-14.6671,3.1997461,-4.703819 
5,1576012986452,-11.874507,2.6536818,-3.6212697 
5,1576012986472,-9.618399,2.2417383,-2.2225783 
5,1576012986492,-6.7635355,1.8968556,-1.839375 
5,1576012986512,-3.2859669,1.7675245,-1.9399658 
5,1576012986533,-0.2921924,1.954336,-1.2693604 
5,1576012986552,2.792593,2.6345215,-0.98195803 
5,1576012986572,6.236631,3.7697608,-0.34488282 
5,1576012986592,9.905801,4.9289503,1.9830762 
5,1576012986612,13.1438675,6.08814,4.785249 
5,1576012986630,15.126944,7.0030375,6.576724 
5,1576012986648,16.252604,7.563472,5.9061184 
5,1576012986667,15.979571,7.7694435,3.3578174 
5,1576012986690,14.240787,7.8556643,1.7579445 
5,1576012986712,12.046948,7.4006104,2.083667 
5,1576012986728,10.073453,6.6916847,3.0033545 
5,1576012986748,8.473579,5.8438478,3.3769777 
5,1576012986775,7.3862405,5.1157618,2.7015822 
5,1576012986792,5.8965383,4.3445654,1.6381935 
5,1576012986810,3.439248,3.2141163,1.9974464 
5,1576012986839,0.488584,1.9734962,3.3099172 
5,1576012986853,-1.7914747,1.3555812,2.5770411 
5,1576012986874,-3.3099172,1.1160791,-0.081430666 
5,1576012986893,-5.249883,0.9196875,-1.5807129 
5,1576012986911,-7.7407036,0.6945557,-1.8010547 
5,1576012986933,-10.772799,0.6945557,-1.5711329 
5,1576012986954,-15.356866,1.2933106,-1.6142433 
5,1576012986974,-18.853594,2.3566992,-4.0523734 
5,1576012986994,-19.715801,3.171006,-6.662945 
5,1576012987014,-20.051104,3.1422658,-5.6618266 
5,1576012987033,-22.106031,3.4775686,-2.5195606 
5,1576012987051,-22.455704,3.7506008,-2.7830129 
5,1576012987074,-21.243824,3.8128712,-4.133804 
5,1576012987089,-20.6307,3.68354,-4.2439747 
5,1576012987109,-18.987715,3.4584084,-4.550537 
5,1576012987129,-16.319664,2.8548634,-4.536167 
5,1576012987149,-14.331798,2.088457,-3.2428565 
5,1576012987174,-11.855348,1.3843213,-2.912344 
5,1576012987190,-8.780142,1.1639795,-3.9278321 
5,1576012987209,-6.476133,1.456172,-4.0044727 
5,1576012987231,-5.125342,1.4992822,-1.9255958 
5,1576012987250,-2.7638526,1.4226416,0.53169435 
5,1576012987269,1.3507911,2.1267774,-0.37362307 
5,1576012987289,5.3313136,3.3578174,-0.8382569 
5,1576012987309,7.937095,4.4738965,1.7627344 
5,1576012987329,11.079361,5.6187162,3.6308498 
5,1576012987351,14.365328,6.5144534,4.033213 
5,1576012987372,15.337706,7.204219,5.000801 
5,1576012987391,15.404766,7.678433,4.272715 
5,1576012987414,15.308966,7.937095,1.9112257 
5,1576012987436,14.197677,7.807764,0.9484278 
5,1576012987456,12.928316,7.2616997,1.9974464 
5,1576012987476,11.984678,6.6246243,3.6068995 
5,1576012987496,10.758429,5.863008,4.2200246 
5,1576012987516,8.47837,5.015171,3.8176613 
5,1576012987536,5.7767873,4.138594,3.3290772 
5,1576012987556,4.0044727,3.0608351,2.1124072 
5,1576012987576,2.562671,1.585503,0.17723145 
5,1576012987596,-0.34488282,0.009580079,-0.2778223 
5,1576012987616,-3.9805226,-1.2741505,-0.100590825 
5,1576012987634,-8.032896,-2.1363575,-0.19160157 
5,1576012987655,-13.196558,-1.3843213,-1.0585986 
5,1576012987674,-18.34585,0.3065625,-3.0129347 
5,1576012987694,-24.208858,2.4141798,-2.6057813 
5,1576012987712,-24.002886,2.5051906,-4.287085 
5,1576012987731,-21.995861,1.4274317,-2.8548634 
5,1576012987753,-22.283262,1.1112891,0.74724615 
5,1576012987776,-23.21253,1.8250049,0.6179151 
5,1576012987796,-23.00656,2.5770411,-1.9974464 
5,1576012987816,-21.061802,2.7782228,-3.7266505 
5,1576012987836,-17.723145,2.2896388,-4.119434 
5,1576012987858,-13.618082,1.5471827,-3.9853127 
5,1576012987877,-10.676997,1.2502003,-3.171006 
5,1576012987898,-8.162227,1.3939015,-2.806963 
5,1576012987914,-5.997129,3.7985013,-2.7782228 
5,1576012987938,-0.9627979,3.5877395,-1.4753321 
5,1576012987958,4.167334,2.42855,2.6441016 
5,1576012987978,6.5719337,3.779341,4.87626 
5,1576012987999,7.937095,5.2594633,2.0549269 
5,1576012988017,9.498648,6.351592,-1.8872755 
5,1576012988040,10.720108,7.1611085,-1.4992822 
5,1576012988052,12.20981,7.563472,1.1735597 
5,1576012988077,13.747413,7.8700347,2.7111623 
5,1576012988100,14.978453,7.9562554,2.8788135 
5,1576012988116,14.350958,7.711963,2.7446926 
5,1576012988136,12.401412,7.434141,3.0704153 
5,1576012988156,10.638678,7.074888,2.9698243 
5,1576012988177,8.981323,6.4042826,2.5770411 
5,1576012988194,7.2904396,5.508545,1.8010547 
5,1576012988217,5.465435,4.6750784,0.9963282 
5,1576012988234,3.0799952,3.755391,0.43589357 
5,1576012988254,0.2921924,2.8692336,0.05269043 
5,1576012988276,-2.4525,2.074087,-0.20597169 
5,1576012988298,-5.0822315,1.5040723,-1.0250684 
5,1576012988319,-7.7694435,1.0729688,-1.6286134 
5,1576012988341,-11.946358,1.096919,-2.064507 
5,1576012988358,-16.324453,1.8489552,-3.2236965 
5,1576012988380,-18.815275,2.4764502,-4.9576907 
5,1576012988400,-21.674927,2.7063723,-3.6548 
5,1576012988420,-23.25085,2.6345215,-1.705254 
5,1576012988440,-23.533463,2.692002,-1.4753321 
5,1576012988460,-23.495142,2.9458742,-1.6908839 
5,1576012988480,-23.1311,3.2524366,-1.465752 
5,1576012988499,-21.339624,3.290757,-1.6477735 
5,1576012988518,-18.403332,2.7973828,-1.710044 
5,1576012988541,-14.552139,2.069297,-2.1363575 
5,1576012988561,-11.03625,1.705254,-2.2417383 
5,1576012988581,-8.248447,1.4513819,-1.4753321 
5,1576012988600,-4.8906302,1.4370118,-1.954336 
5,1576012988620,-2.198628,1.6190332,-1.6621436 
5,1576012988639,1.2070899,1.6286134,-0.9436377 
5,1576012988660,5.1684523,2.0932472,0.39278322 
5,1576012988677,9.081915,3.1901662,1.3076807 
5,1576012988701,11.845767,4.397256,2.2608986 
5,1576012988717,13.172608,5.738467,3.3386574 
5,1576012988737,14.207256,6.725215,3.7074904 
5,1576012988757,14.7054205,7.414981,3.6164796 
5,1576012988781,14.978453,7.8844047,2.7255323 
5,1576012988800,14.729371,7.932305,1.8729054 
5,1576012988820,13.46959,7.6449027,2.2848487 
5,1576012988841,11.927197,7.247329,2.668052 
5,1576012988859,10.126143,6.6677346,2.3375392 
5,1576012988881,7.8604546,5.8438478,1.6190332 
5,1576012988901,4.90979,5.0822315,0.75203615 
5,1576012988920,1.7339942,4.6990285,-0.26345217 
5,1576012988942,-0.5364844,4.1146436,-0.5556446 
5,1576012988963,-1.7962648,3.3242872,-0.5891748 
5,1576012988983,-3.1470559,2.543511,-0.5987549 
5,1576012989003,-5.096602,1.949546,-0.3544629 
5,1576012989023,-7.5059915,1.5471827,-0.6322852 
5,1576012989043,-10.581197,1.2310401,-0.98195803 
5,1576012989063,-14.676681,2.0022364,-1.705254 
5,1576012989083,-18.513502,3.1949563,-3.9853127 
5,1576012989103,-22.220993,4.3445654,-5.039121 
5,1576012989121,-24.33819,4.5888577,-4.3301954 
5,1576012989142,-24.151379,4.368516,-4.0044727 
5,1576012989168,-23.10715,4.176914,-3.9613624 
5,1576012989180,-21.746778,4.1625443,-3.6260598 
5,1576012989203,-19.399658,3.9326222,-3.903882 
5,1576012989220,-16.674128,3.3817677,-3.9422023 
5,1576012989239,-13.498331,2.6345215,-3.3482375 
5,1576012989258,-9.829161,2.0309765,-2.7638526 
5,1576012989283,-6.844966,1.7723145,-1.331631 
5,1576012989303,-3.5015187,1.829795,-0.9580079 
5,1576012989320,-0.3544629,2.0070264,-1.0538087 
5,1576012989343,2.2417383,2.2321582,0.2203418 
5,1576012989362,5.360054,2.7542725,1.9208057 
5,1576012989381,8.665181,3.7074904,2.6393116 
5,1576012989401,11.452984,4.655918,2.179468 
5,1576012989429,12.660074,5.5803957,2.6345215 
5,1576012989440,12.913946,6.557564,3.0081446 
5,1576012989459,13.776153,7.27128,2.3375392 
5,1576012989479,14.518609,7.438931,2.1746778 
5,1576012989498,14.183307,7.36708,2.4716604 
5,1576012989520,13.244458,7.199429,2.3519094 
5,1576012989540,12.099639,7.065308,2.3375392 
5,1576012989559,10.106983,6.6821046,2.2752686 
5,1576012989580,7.424561,5.8965383,1.8058448 
5,1576012989601,4.152964,5.1061816,0.9867481 
5,1576012989619,1.2597803,4.631968,0.1820215 
5,1576012989640,-0.9053174,3.9517825,-0.33530274 
5,1576012989662,-3.171006,3.3817677,-0.6658155 
5,1576012989679,-5.4750147,2.926714,-0.92926764 
5,1576012989700,-8.717872,2.7782228,-1.1256592 
5,1576012989719,-11.970308,3.295547,-2.572251 
5,1576012989740,-14.59046,3.9901028,-4.4403663 
5,1576012989762,-17.675245,4.88584,-4.1625443 
5,1576012989782,-19.064356,5.240303,-3.5015187 
5,1576012989805,-18.848804,4.9720607,-3.0656252 
5,1576012989824,-19.040405,4.8906302,-2.1507277 
5,1576012989846,-19.62479,5.269043,-1.7866846 
5,1576012989865,-19.41403,5.599556,-2.1267774 
5,1576012989881,-17.948277,5.4462748,-2.1076174 
5,1576012989901,-15.404766,4.82357,-1.6573536 
5,1576012989923,-12.736714,4.2200246,-0.8334668 
5,1576012989944,-10.226734,3.9422023,-0.39757326 
5,1576012989966,-7.7694435,3.8272414,-0.51732427 
5,1576012989987,-5.345684,3.7985013,-0.6658155 
5,1576012990007,-3.0081446,3.774551,-0.12933107 
5,1576012990027,-0.5508545,3.8416114,0.38320315 
5,1576012990047,2.0070264,3.9948928,0.8669971 
5,1576012990067,5.407954,4.253555,1.3268409 
5,1576012990087,9.388477,4.799619,1.6477735 
5,1576012990104,12.2433405,5.7145166,1.9591261 
5,1576012990125,14.063556,6.303692,2.4956105 
5,1576012990145,15.150894,6.959927,1.9399658 
5,1576012990165,15.194005,7.3718705,1.3268409 
5,1576012990184,14.489869,7.3718705,1.8872755 
5,1576012990204,13.728252,7.1611085,1.9112257 
5,1576012990223,12.17628,6.8593364,2.1315675 
5,1576012990244,9.6615095,6.591094,2.8692336 
5,1576012990265,7.692803,6.016289,2.7494826 
5,1576012990284,5.6618266,5.1828227,1.719624 
5,1576012990303,2.7351124,4.7469287,0.5604346 
5,1576012990324,0.15328126,4.2439747,-0.14849122 
5,1576012990343,-2.0453467,3.6164796,-0.4263135 
5,1576012990363,-3.7649708,2.8692336,-0.42152345 
5,1576012990390,-6.08814,2.064507,0.25866213 
5,1576012990407,-8.875943,2.179468,-0.5939649 
5,1576012990428,-11.702065,3.056045,-2.5339308 
5,1576012990453,-13.900694,4.018843,-3.7218604 
5,1576012990469,-16.084951,4.4451566,-3.2428565 
5,1576012990489,-18.690733,4.617598,-1.7148341 
5,1576012990512,-19.711012,4.7469287,-1.8776954 
5,1576012990527,-20.127745,4.8427296,-2.6393116 
5,1576012990545,-20.870201,4.9337406,-2.6105714 
5,1576012990572,-21.071383,5.0918117,-3.0704153 
5,1576012990587,-19.39008,4.9385304,-3.6116896 
5,1576012990605,-16.128061,4.478687,-2.816543 
5,1576012990628,-12.794195,3.9901028,-1.5328126 
5,1576012990645,-10.159674,3.7458107,-0.45026368 
5,1576012990664,-7.2569094,3.3673975,-1.22146 
5,1576012990691,-4.6990285,2.926714,-1.1208692 
5,1576012990705,-2.1028273,2.5818312,0.5412744 
5,1576012990725,1.6669337,2.668052,1.6573536 
5,1576012990745,5.886958,3.420088,1.954336 
5,1576012990766,8.919053,4.6990285,1.2837305 
5,1576012990787,10.700948,5.5420756,0.7232959 
5,1576012990811,11.510465,6.375542,0.86220706 
5,1576012990830,13.009747,7.060518,0.0047900393 
5,1576012990850,14.173726,7.4676714,-0.12933107 
5,1576012990869,14.283897,7.7071733,0.68976563 
5,1576012990892,13.41211,7.563472,1.9687061 
5,1576012990910,12.664864,7.2521195,2.548301 
5,1576012990928,11.577525,6.935977,2.4045997 
5,1576012990951,9.81,6.581514,2.3135889 
5,1576012990971,7.9706254,6.0019193,1.829795 
5,1576012990990,5.8965383,5.1540823,1.3939015 
5,1576012991009,3.5637891,4.4451566,1.0729688 
5,1576012991031,1.7723145,3.9134622,0.488584 
5,1576012991050,-0.43110353,3.2668068,0.60354495 
5,1576012991072,-3.3290772,2.5962012,1.1687696 
5,1576012991092,-6.0593996,2.3519094,-0.014370117 
5,1576012991111,-8.890313,2.7207422,-2.7063723 
5,1576012991129,-12.003839,3.7170706,-4.7325587 
5,1576012991150,-14.259947,4.7086086,-5.7719975 
5,1576012991169,-17.11481,5.2355127,-3.8464015 
5,1576012991188,-18.982925,5.2355127,-2.672842 
5,1576012991210,-19.59605,5.0343313,-3.8895118 
5,1576012991227,-20.67381,5.3025737,-4.6750784 
5,1576012991247,-21.799469,5.709727,-4.497847 
5,1576012991268,-20.88936,5.589976,-4.416416 
5,1576012991291,-18.058449,4.9002104,-4.287085 
5,1576012991310,-14.988033,4.047583,-3.295547 
5,1576012991335,-11.745176,3.175796,-2.931504 
5,1576012991352,-8.995694,2.7207422,-3.290757 
5,1576012991370,-6.6773148,2.3662794,-3.319497 
5,1576012991390,-2.9937747,1.9112257,-3.3721876 
5,1576012991413,1.346001,1.6429834,-2.2656887 
5,1576012991433,6.356382,2.074087,-0.5939649 
5,1576012991453,9.829161,3.2572267,0.4167334 
5,1576012991473,11.548784,4.7086086,1.6860938 
5,1576012991491,13.464801,5.767207,2.8836036 
5,1576012991509,14.7054205,6.5096636,4.3062453 
5,1576012991533,15.428717,7.0174074,5.336104 
5,1576012991553,15.251485,7.27128,5.1780324 
5,1576012991574,14.226417,7.2521195,4.608018 
5,1576012991594,12.765454,7.1611085,3.4727786 
5,1576012991614,11.242222,6.806646,2.562671 
5,1576012991634,9.522598,6.2031007,2.562671 
5,1576012991651,7.5155716,5.2738333,2.0261867 
5,1576012991672,5.120552,4.87147,0.9484278 
5,1576012991690,3.5063088,4.6990285,0.1101709 
5,1576012991712,2.208208,4.2152348,-0.06706055 
5,1576012991730,0.5125342,3.6212697,0.06706055 
5,1576012991750,-1.7148341,3.0656252,0.1820215 
5,1576012991770,-4.4499464,2.8500733,0.009580079 
5,1576012991792,-6.672525,2.926714,-1.719624 
5,1576012991813,-9.74294,3.0799952,-3.3769777 
5,1576012991832,-13.594131,3.9757326,-3.8511915 
5,1576012991854,-15.653849,4.646338,-4.9529004 
5,1576012991875,-17.646505,4.502637,-3.9757326 
5,1576012991895,-18.791325,4.2918754,-3.0368848 
5,1576012991914,-20.185225,4.521797,-2.663262 
5,1576012991933,-22.201832,4.9241605,-2.811753 
5,1576012991956,-23.519093,5.249883,-3.8511915 
5,1576012991973,-22.484444,5.1876125,-5.029541 
5,1576012991996,-19.687061,4.5936475,-5.0630717 
5,1576012992015,-16.664547,3.7649708,-4.272715 
5,1576012992036,-13.704303,2.9171338,-3.7266505 
5,1576012992056,-10.461446,2.308799,-4.143384 
5,1576012992076,-7.5012016,1.9016455,-4.282295 
5,1576012992096,-4.646338,1.341211,-3.8368216 
5,1576012992116,-1.2693604,0.49337405,-2.806963 
5,1576012992132,2.5387208,-0.16765137,-1.0154883 
5,1576012992154,7.1419487,-0.2778223,0.78556645 
5,1576012992174,10.633887,0.5412744,2.4764502 
5,1576012992192,11.812237,2.327959,4.181704 
5,1576012992213,13.48396,3.396138,6.4282327 
5,1576012992232,15.318545,4.2200246,7.6257424 
5,1576012992253,16.808249,5.149292,7.175479 
5,1576012992273,17.804577,5.4414845,6.332432 
5,1576012992293,17.459694,5.484595,5.4031644 
5,1576012992314,16.262184,5.513335,4.5457473 
5,1576012992336,14.317428,5.4319043,4.0044727 
5,1576012992354,12.056529,5.364844,3.6883302 
5,1576012992376,9.575289,5.029541,3.300337 
5,1576012992397,7.0269876,4.4212065,3.1853762 
5,1576012992416,4.3637257,3.788921,2.3327491 
5,1576012992436,1.9926564,3.2093263,0.96758795 
5,1576012992457,0.16765137,2.5004005,0.2778223 
5,1576012992478,-1.7483643,2.0549269,-0.023950197 
5,1576012992497,-3.6021094,1.6286134,-0.5604346 
5,1576012992517,-5.709727,1.101709,-0.93405765 
5,1576012992538,-8.028106,0.8813672,-0.76161623 
5,1576012992558,-11.031461,1.1591895,-1.5950831 
5,1576012992576,-14.710211,2.2465284,-2.6776319 
5,1576012992598,-17.263302,3.1231055,-4.1050634 
5,1576012992618,-19.260748,2.9794044,-4.1242237 
5,1576012992635,-21.215084,2.543511,-2.8979738 
5,1576012992656,-23.40413,2.811753,-2.1746778 
5,1576012992674,-24.855515,3.6548,-3.3769777 
5,1576012992695,-23.552624,4.191284,-4.9433208 
5,1576012992714,-21.138443,3.8464015,-5.350474 
5,1576012992733,-17.680035,3.4057178,-4.3014555 
5,1576012992754,-13.881534,2.9698243,-3.410508 
5,1576012992775,-11.03625,2.567461,-2.7973828 
5,1576012992798,-8.54543,2.2704787,-3.0704153 
5,1576012992818,-5.575606,1.839375,-3.7266505 
5,1576012992835,-2.2896388,1.341211,-2.7351124 
5,1576012992859,1.336421,0.85741705,-0.74724615 
5,1576012992880,5.2115626,0.43589357,0.41194338 
5,1576012992899,9.321417,0.9867481,1.6238233 
5,1576012992917,12.473262,2.4525,4.7469287 
5,1576012992940,13.972545,3.5781593,7.812554 
5,1576012992960,15.308966,4.2918754,9.096285 
5,1576012992980,15.414347,5.1780324,8.056846 
5,1576012993000,15.098204,5.8103175,6.5384035 
5,1576012993020,14.815592,6.1791506,5.839058 
5,1576012993038,14.513819,6.0737696,5.360054 
5,1576012993055,13.871954,5.733677,4.263135 
5,1576012993080,12.114009,5.4750147,3.2620168 
5,1576012993100,9.455538,5.144502,2.572251 
5,1576012993118,6.7635355,4.631968,1.4418018 
5,1576012993138,4.061953,4.2248144,0.7759864 
5,1576012993159,1.9255958,3.6212697,0.46942386 
5,1576012993176,-0.028740235,2.9410841,0.06706055 
5,1576012993196,-2.1698878,2.2417383,0.043110352 
5,1576012993220,-5.0774417,1.8824854,0.5891748 
5,1576012993236,-7.678433,2.064507,-0.8334668 
5,1576012993256,-10.049502,2.5147705,-3.3051271 
5,1576012993276,-13.670772,3.2620168,-3.7170706 
5,1576012993301,-16.860939,4.296665,-3.5877395 
5,1576012993318,-17.636925,4.703819,-3.6979103 
5,1576012993339,-17.498013,4.3349857,-2.6584718 
5,1576012993358,-18.776955,4.0667434,-1.1927198 
5,1576012993377,-21.358786,4.7708793,-1.9974464 
5,1576012993403,-22.647306,5.585186,-4.493057 
5,1576012993421,-21.382736,5.6426663,-5.489385 
5,1576012993442,-18.149458,5.0199614,-4.8427296 
5,1576012993462,-15.165264,4.239185,-3.5494192 
5,1576012993482,-12.391831,3.558999,-2.8644435 
5,1576012993502,-9.541759,3.1374757,-2.787803 
5,1576012993522,-6.8497562,2.9219239,-2.7303224 
5,1576012993542,-4.277505,2.7207422,-2.064507 
5,1576012993563,-1.4418018,2.42376,-1.2166699 
5,1576012993582,1.6286134,2.064507,0.39757326 
5,1576012993601,5.3792143,2.1507277,1.7339942 
5,1576012993623,8.986114,2.9219239,2.3614893 
5,1576012993641,11.936778,4.311035,2.6249416 
5,1576012993660,12.439732,5.508545,3.4057178 
5,1576012993680,12.789405,6.2605815,4.023633 
5,1576012993700,14.245577,6.615044,3.8080812 
5,1576012993719,15.601158,6.591094,4.6750784 
5,1576012993738,15.7736,6.303692,6.1408305 
5,1576012993761,15.016773,6.09772,6.959927 
5,1576012993779,13.479171,5.623506,6.2270513 
5,1576012993802,11.759546,4.991221,5.3792143 
5,1576012993822,10.255474,4.138594,4.742139 
5,1576012993841,8.3250885,3.4679885,3.9661524 
5,1576012993863,5.9635987,2.7782228,3.0225148 
5,1576012993882,3.5015187,2.193838,1.7579445 
5,1576012993901,1.22625,1.575923,0.7759864 
5,1576012993920,-1.9016455,1.0250684,-0.23950197 
5,1576012993942,-6.217471,0.85741705,0.4742139 
5,1576012993964,-8.665181,1.6046631,-1.1496094 
5,1576012993984,-9.4507475,1.954336,-4.996011 
5,1576012994004,-13.129498,2.3327491,-4.239185 
5,1576012994024,-16.894468,3.175796,-4.727769 
5,1576012994044,-19.030827,3.803291,-7.0365677 
5,1576012994069,-20.276236,3.8751419,-7.8844047 
5,1576012994084,-21.310884,3.515889,-6.452183 
5,1576012994104,-22.565874,3.7362306,-5.005591 
5,1576012994128,-22.666466,4.0906935,-5.6282964 
5,1576012994142,-21.066593,4.167334,-6.4282327 
5,1576012994162,-18.484762,3.8703518,-5.5708156 
5,1576012994189,-14.954503,3.3051271,-4.6128078 
5,1576012994206,-11.625425,2.8883936,-3.6931202 
5,1576012994221,-8.856783,2.6536818,-2.663262 
5,1576012994243,-6.600674,2.5387208,-1.7244141 
5,1576012994260,-4.272715,2.44292,-1.5184424 
5,1576012994281,-1.5280225,2.078877,-1.6334034 
5,1576012994302,2.0453467,1.4609619,-0.364043 
5,1576012994324,7.1706886,1.331631,1.9208057 
5,1576012994344,13.153448,2.184258,3.6308498 
5,1576012994363,16.458574,3.8607717,4.1146436 
5,1576012994383,16.932789,4.86189,5.9540186 
5,1576012994406,16.865728,5.326524,7.9227247 
5,1576012994426,16.928,5.695357,7.6257424 
5,1576012994445,15.404766,5.9540186,6.7635355 
5,1576012994463,13.498331,5.7911572,5.6618266 
5,1576012994486,12.133169,5.2594633,4.88584 
5,1576012994506,10.796748,4.521797,4.636758 
5,1576012994521,8.48316,3.8511915,3.7122805 
5,1576012994545,5.1636624,3.4057178,2.5866213 
5,1576012994569,2.0261867,2.8548634,2.4525 
5,1576012994586,-0.3065625,2.3710694,1.5711329 
5,1576012994606,-2.074087,1.5519727,0.4023633 
5,1576012994624,-3.5829494,0.28261232,-0.1580713 
5,1576012994644,-5.8342676,-0.5029541,-1.5519727 
5,1576012994663,-9.311836,-0.6945557,-3.1422658 
5,1576012994693,-14.121036,0.23471193,-4.5696974 
5,1576012994702,-18.28837,2.304009,-6.1647806 
5,1576012994724,-20.333717,3.0847852,-7.4916215 
5,1576012994743,-20.65465,2.5243506,-6.543194 
5,1576012994763,-19.821182,1.6046631,-5.206773 
5,1576012994785,-20.237915,1.5950831,-4.8044095 
5,1576012994807,-21.325254,2.189048,-5.230723 
5,1576012994825,-20.86062,2.5387208,-6.11688 
5,1576012994846,-18.719473,2.7686427,-7.1084185 
5,1576012994864,-15.993941,2.9410841,-6.7539554 
5,1576012994888,-12.818145,2.668052,-5.4462748 
5,1576012994906,-10.260264,2.5195606,-4.071533 
5,1576012994924,-8.976534,2.7159522,-3.3578174 
5,1576012994945,-7.6353226,2.5866213,-3.6739602 
5,1576012994967,-4.8571,1.949546,-3.6116896 
5,1576012994986,-0.45984375,1.5998731,-2.8548634 
5,1576012995009,3.894302,2.179468,-1.0154883 
5,1576012995029,6.7300053,3.2284865,1.6142433 
5,1576012995048,8.689131,4.4643164,3.6500099 
5,1576012995069,11.429033,5.484595,3.9517825 
5,1576012995088,14.283897,6.2653713,4.497847 
5,1576012995107,16.00831,7.046148,5.0630717 
5,1576012995126,16.860939,7.592212,4.253555 
5,1576012995149,15.811919,7.793394,3.3817677 
5,1576012995168,13.867164,7.668853,3.027305 
5,1576012995187,12.339141,7.3000197,2.2369483 
5,1576012995205,10.92608,6.591094,1.7244141 
5,1576012995225,8.641231,5.5612354,1.6525636 
5,1576012995244,5.5612354,4.8139896,1.1639795 
5,1576012995264,2.8644435,4.2008643,0.2921924 
5,1576012995286,0.5843848,3.6068995,-0.613125 
5,1576012995308,-1.2022998,2.955454,-1.341211 
5,1576012995326,-3.415298,1.9447559,-0.96758795 
5,1576012995347,-6.595884,1.4082716,-0.5029541 
5,1576012995366,-9.953702,1.9591261,-1.8154249 
5,1576012995388,-13.848003,3.0799952,-2.9746144 
5,1576012995409,-17.589024,3.9948928,-2.3375392 
5,1576012995428,-19.57689,4.2248144,-2.3710694 
5,1576012995448,-20.76961,3.9517825,-2.4956105 
5,1576012995469,-21.82342,3.7266505,-2.4812403 
5,1576012995487,-22.805376,3.9182522,-2.663262 
5,1576012995510,-22.623356,4.1625443,-3.1901662 
5,1576012995530,-20.606749,3.9182522,-3.5637891 
5,1576012995548,-17.771046,3.1566358,-2.9794044 
5,1576012995566,-14.183307,2.5051906,-2.802173 
5,1576012995585,-10.609937,2.1411476,-2.9650342 
5,1576012995606,-7.582632,1.9830762,-2.5530908 
5,1576012995630,-4.7086086,1.829795,-2.059717 
5,1576012995649,-1.1783496,1.5376027,-1.5232325 
5,1576012995667,2.8931837,1.3795313,0.047900394 
5,1576012995690,7.0221977,1.8489552,2.1555176 
5,1576012995708,11.141631,2.543511,3.6212697 
5,1576012995727,14.772481,3.4440382,4.5074267 
5,1576012995746,15.88856,4.756509,5.264253 
5,1576012995767,15.399976,5.9875493,5.9013286 
5,1576012995787,15.701749,6.6485744,5.623506 
5,1576012995809,15.668219,7.0413575,5.4606447 
5,1576012995829,14.791641,7.1563187,5.1397123 
5,1576012995849,13.871954,6.825806,3.899092 
5,1576012995870,12.358301,6.591094,3.3530276 
5,1576012995892,10.332115,6.3994923,2.4908204 
5,1576012995911,8.454419,5.815108,1.6381935 
5,1576012995930,6.461763,4.9481106,1.5423926 
5,1576012995953,4.4547367,4.2104445,1.5040723 
5,1576012995972,2.2944288,3.2189064,1.7387843 
5,1576012995993,0.12933107,2.3758595,1.1639795 
5,1576012996013,-1.9064356,1.6765138,0.79035646 
5,1576012996033,-4.152964,1.0011182,0.40715334 
5,1576012996053,-6.3803325,0.6466553,-0.67539555 
5,1576012996073,-8.765772,0.8286768,-2.193838 
5,1576012996093,-12.439732,1.4370118,-2.3902297 
5,1576012996108,-15.989151,2.42376,-3.8847218 
5,1576012996130,-19.164948,3.1087356,-5.254673 
5,1576012996153,-21.981491,3.7601807,-5.278623 
5,1576012996171,-23.27001,4.033213,-5.6714063 
5,1576012996192,-24.098688,4.311035,-5.6809864 
5,1576012996213,-24.35735,4.6846585,-5.206773 
5,1576012996228,-22.173092,4.5792775,-4.996011 
5,1576012996248,-19.049986,3.8559816,-4.598438 
5,1576012996268,-15.9364605,3.027305,-4.6990285 
5,1576012996289,-12.597803,2.2417383,-5.158872 
5,1576012996309,-9.3453665,1.4130616,-4.598438 
5,1576012996333,-5.513335,0.5987549,-3.9565725 
5,1576012996350,-1.4226416,0.019160157,-2.1698878 
5,1576012996372,2.6776319,-0.2203418,0.20597169 
5,1576012996393,6.9216065,0.07664063,2.8596535 
5,1576012996413,10.691368,1.4465919,4.799619 
5,1576012996432,13.661192,2.9410841,5.8198977 
5,1576012996454,15.318545,3.8464015,7.6496925 
5,1576012996475,15.476617,4.91937,8.291558 
5,1576012996494,15.438296,5.6905665,7.7502837 
5,1576012996514,14.59046,6.241421,6.830596 
5,1576012996535,13.37379,6.840176,5.336104 
5,1576012996555,12.310401,7.0413575,3.9853127 
5,1576012996575,11.328443,6.7970657,3.2476466 
5,1576012996596,10.427916,6.236631,2.9889846 
5,1576012996615,9.010064,5.364844,2.955454 
5,1576012996635,6.557564,4.598438,2.1698878 
5,1576012996653,3.8847218,4.3254056,0.7185059 
5,1576012996671,1.575923,3.9326222,0.028740235 
5,1576012996693,-0.32572266,3.391348,0.086220704 
5,1576012996711,-1.9734962,2.5578809,0.19160157 
5,1576012996731,-3.9661524,1.9926564,-0.18681154 
5,1576012996751,-6.255791,1.9303858,-1.0106983 
5,1576012996771,-9.0148535,2.1124072,-1.6286134 
5,1576012996791,-13.330679,2.7399025,-1.6717237 
5,1576012996811,-16.219072,3.7170706,-3.5973196 
5,1576012996835,-16.353193,4.4834766,-6.6437845 
5,1576012996852,-16.803457,4.296665,-6.0258694 
5,1576012996876,-19.763702,3.8511915,-2.2704787 
5,1576012996896,-22.345533,4.358936,-1.9687061 
5,1576012996914,-22.771847,4.87147,-4.7708793 
5,1576012996936,-21.856949,4.90979,-5.096602 
5,1576012996954,-19.55773,4.272715,-4.119434 
5,1576012996973,-16.204702,3.2859669,-3.65959 
5,1576012996997,-13.048067,2.5195606,-3.2524366 
5,1576012997017,-10.782378,2.2321582,-2.7303224 
5,1576012997036,-7.893985,1.9591261,-3.3099172 
5,1576012997055,-4.9145803,1.6765138,-3.175796 
5,1576012997075,-1.695674,1.2693604,-1.7483643 
5,1576012997096,2.3950195,1.1112891,0.019160157 
5,1576012997116,6.840176,1.7675245,1.1831397 
5,1576012997134,9.168135,3.2236965,2.1076174 
5,1576012997157,10.442286,4.636758,2.5530908 
5,1576012997177,11.855348,5.6666164,3.6739602 
5,1576012997196,12.957056,6.495293,5.0487013 
5,1576012997215,13.857584,7.046148,5.8198977 
5,1576012997237,14.499449,7.175479,6.0498195 
5,1576012997253,14.60962,7.2281694,5.3217335 
5,1576012997272,14.001285,7.2521195,3.5925295 
5,1576012997293,12.985797,6.983877,2.3566992 
5,1576012997313,12.042159,6.452183,1.2693604 
5,1576012997337,10.2315235,5.719307,0.7568262 
5,1576012997355,7.702383,4.9385304,0.8095166 
5,1576012997379,5.158872,4.2343946,0.6562354 
5,1576012997399,2.936294,3.4871485,0.19160157 
5,1576012997420,0.60354495,2.6776319,-0.21555176 
5,1576012997439,-1.6190332,1.9016455,-0.7232959 
5,1576012997459,-3.9469924,1.1591895,-0.9484278 
5,1576012997479,-7.486831,0.9867481,-0.9915381 
5,1576012997499,-11.328443,1.8106349,-2.1459377 
5,1576012997519,-14.959292,2.7542725,-3.7937112 
5,1576012997539,-17.871637,3.2141163,-4.3014555 
5,1576012997558,-20.86062,3.1853762,-3.415298 
5,1576012997578,-23.26522,3.271597,-2.931504 
5,1576012997599,-24.228018,3.5877395,-3.6260598 
5,1576012997619,-24.137009,3.9182522,-3.8176613 
5,1576012997639,-22.374273,4.133804,-3.68354 
5,1576012997658,-19.078726,4.071533,-3.9948928 
5,1576012997677,-15.634688,3.530259,-3.903882 
5,1576012997698,-12.818145,2.8692336,-3.9374123 
5,1576012997716,-10.380015,2.1555176,-4.181704 
5,1576012997743,-7.726333,1.6860938,-3.8559816 
5,1576012997755,-5.388794,1.4753321,-2.059717 
5,1576012997776,-2.907554,1.2166699,-0.32093263 
5,1576012997800,0.5125342,0.85741705,0.96758795 
5,1576012997819,5.1828227,1.0538087,2.0166066 
5,1576012997839,9.335787,2.064507,3.027305 
5,1576012997863,12.17628,3.276387,4.5649076 
5,1576012997880,15.079043,4.272715,5.6618266 
5,1576012997901,17.11481,5.1876125,5.388794 
5,1576012997924,18.015337,5.848638,4.9720607 
5,1576012997941,18.048868,6.1456203,4.3206153 
5,1576012997961,17.1196,6.07856,3.9517825 
5,1576012997982,15.2610655,5.863008,3.9517825 
5,1576012998001,13.028907,5.518125,4.277505 
5,1576012998021,10.8925495,4.996011,4.1960745 
5,1576012998040,8.741821,4.373306,3.6260598 
5,1576012998058,6.332432,3.5829494,3.1422658 
5,1576012998076,3.803291,3.0799952,2.7782228 
5,1576012998097,1.7818946,2.3662794,2.4525 
5,1576012998120,-0.36883304,1.4753321,1.8010547 
5,1576012998138,-2.299219,0.6706055,0.41194338 
5,1576012998162,-4.6271777,0.27303225,-1.8776954 
5,1576012998181,-7.204219,0.2682422,-2.9841945 
5,1576012998202,-9.977652,0.7185059,-3.1997461 
5,1576012998219,-12.645703,1.2693604,-3.6691701 
5,1576012998238,-17.04296,2.069297,-2.4812403 
5,1576012998256,-21.507277,2.8213332,-2.1507277 
5,1576012998279,-24.735764,2.9985645,-4.1146436 
5,1576012998298,-25.66503,2.8596535,-6.758745 
5,1576012998320,-25.48301,2.907554,-6.576724 
5,1576012998342,-24.251968,3.1039455,-4.742139 
5,1576012998360,-21.262985,2.9650342,-4.0859036 
5,1576012998381,-17.277672,2.5147705,-4.87626 
5,1576012998401,-13.48396,2.1076174,-4.8666797 
5,1576012998422,-10.471025,1.710044,-3.544629 
5,1576012998442,-8.071217,1.1591895,-2.4908204 
5,1576012998463,-5.369634,0.47900394,-2.1315675 
5,1576012998483,-2.0022364,-0.009580079,-1.1160791 
5,1576012998503,1.5998731,-0.15328126,1.4753321 
5,1576012998523,5.8438478,0.2203418,4.263135 
5,1576012998543,10.566827,1.0873389,6.6342044 
5,1576012998563,14.216837,2.4525,7.544312 
5,1576012998583,17.373472,3.295547,8.071217 
5,1576012998603,19.289488,3.803291,9.024434 
5,1576012998623,19.088306,4.263135,8.54543 
5,1576012998644,17.25851,4.6990285,6.552774 
5,1576012998662,15.380816,4.766089,4.8427296 
5,1576012998682,13.996494,4.3158255,3.999683 
5,1576012998704,12.329561,3.5254688,4.5888577 
5,1576012998730,9.235196,2.7399025,4.4116263 
5,1576012998739,5.087022,2.304009,2.9889846 
5,1576012998761,2.3327491,1.6717237,0.79993653 
5,1576012998780,0.29698244,0.4981641,-0.5604346 
5,1576012998800,-1.9974464,-0.7185059,-1.1735597 
5,1576012998821,-4.5074267,-1.9255958,-1.6046631 
5,1576012998841,-8.052056,-2.4956105,-2.0980372 
5,1576012998863,-13.0241165,-1.2933106,-3.3626075 
5,1576012998883,-17.871637,0.92926764,-5.4127445 
5,1576012998904,-21.186344,2.2129982,-5.8007374 
5,1576012998923,-22.637726,1.9255958,-3.8751419 
5,1576012998945,-22.556295,1.0202783,-3.3865578 
5,1576012998966,-23.22211,0.96758795,-3.9709425 
5,1576012998985,-25.095016,1.9926564,-4.033213 
5,1576012999005,-24.52979,2.8357031,-5.101392 
5,1576012999026,-20.946842,2.8357031,-6.6294146 
5,1576012999045,-17.17229,2.4812403,-6.375542 
5,1576012999066,-14.063556,2.1603076,-5.4223247 
5,1576012999086,-11.275752,1.6908839,-4.4116263 
5,1576012999106,-8.727451,1.0059083,-3.4631984 
5,1576012999124,-5.9300685,0.17244141,-2.8979738 
5,1576012999146,-3.1183155,-0.47900394,-1.1256592 
5,1576012999166,0.6466553,-0.76161623,1.22625 
5,1576012999185,4.3493557,-0.4742139,3.7601807 
5,1576012999212,8.076006,0.2921924,7.0365677 
5,1576012999222,12.25292,1.6334034,8.353828 
5,1576012999245,14.9305525,2.9985645,8.085587 
5,1576012999260,16.425045,3.7362306,7.8987746 
5,1576012999282,18.33148,3.9469924,7.204219 
5,1576012999301,18.858385,4.1625443,6.327642 
5,1576012999324,17.25851,4.430786,6.0593996 
5,1576012999344,15.524517,4.3206153,5.350474 
5,1576012999364,13.6995125,3.779341,5.245093 
5,1576012999386,11.127261,3.046465,5.2882032 
5,1576012999409,8.214917,2.2704787,3.6883302 
5,1576012999427,4.119434,1.6286134,2.0309765 
5,1576012999447,0.4981641,1.3268409,1.1496094 
5,1576012999467,-1.8250049,0.09101075,0.43589357 
5,1576012999488,-4.7086086,-0.9627979,-0.19160157 
5,1576012999505,-9.029224,-1.0681788,-0.8286768 
5,1576012999524,-13.953384,0.21555176,-2.6009912 
5,1576012999544,-17.03817,2.4333398,-6.10251 
5,1576012999563,-18.690733,3.5015187,-7.6496925 
5,1576012999591,-21.023483,3.3290772,-4.0523734 
5,1576012999602,-20.520529,2.802173,-1.4801221 
5,1576012999626,-19.289488,2.7446926,-2.0022364 
5,1576012999645,-20.69776,3.3673975,-2.2369483 
5,1576012999665,-22.158722,4.3014555,-2.9506643 
5,1576012999688,-21.737198,4.756509,-3.6691701 
5,1576012999708,-19.088306,4.258345,-4.622388 
5,1576012999724,-15.601158,3.2572267,-4.7469287 
5,1576012999751,-12.396622,2.3950195,-3.9757326 
5,1576012999763,-9.83874,1.8585353,-3.1901662 
5,1576012999784,-7.0269876,1.5519727,-2.663262 
5,1576012999805,-4.646338,1.3651612,-1.1256592 
5,1576012999826,-2.2273684,1.1160791,0.74724615 
5,1576012999848,0.57001466,0.728086,2.0261867 
5,1576012999867,4.014053,0.17244141,3.7601807 
5,1576012999888,9.244776,-0.20118165,4.8571 
5,1576012999916,15.165264,0.028740235,6.6342044 
5,1576012999926,19.466719,0.6322852,8.128696 
5,1576012999946,21.713247,1.5136524,8.224498 
5,1576012999966,21.698877,1.9639161,7.3622904 
5,1576012999985,18.805695,3.1326857,6.8689165 
5,1576013000010,16.089743,3.7362306,6.5623536 
5,1576013000030,14.944922,3.4057178,6.241421 
5,1576013000048,13.196558,2.7830129,6.11209 
5,1576013000070,10.806329,2.0070264,6.0402393 
5,1576013000088,7.9562554,1.092129,5.1876125 
5,1576013000109,4.3254056,0.51732427,3.6691701 
5,1576013000128,1.0633887,0.4263135,2.0022364 
5,1576013000150,-1.3939015,0.14849122,0.5460645 
5,1576013000170,-3.903882,-0.4981641,-0.086220704 
5,1576013000190,-7.0509377,-0.57959473,-0.7711963 
5,1576013000210,-11.136841,-0.023950197,-1.6477735 
5,1576013000230,-18.38417,1.7962648,-0.043110352 
5,1576013000246,-22.522764,3.4631984,-3.1278956 
5,1576013000271,-21.095333,4.0906935,-7.558682 
5,1576013000287,-19.773283,2.9410841,-4.9576907 
5,1576013000307,-21.229454,2.4045997,0.3784131 
5,1576013000328,-22.958658,3.3817677,-0.10538086 
5,1576013000349,-23.12631,4.4738965,-3.3530276 
5,1576013000368,-21.368364,4.387676,-3.9805226 
5,1576013000390,-17.732725,3.3865578,-3.6116896 
5,1576013000409,-13.000167,2.327959,-3.63564 
5,1576013000429,-9.307046,1.5711329,-2.323169 
5,1576013000451,-6.720425,1.1927198,-0.5843848 
5,1576013000472,-4.2248144,1.341211,0.1580713 
5,1576013000492,-1.9687061,1.4322218,0.98195803 
5,1576013000512,0.6658155,1.1448194,1.4801221 
5,1576013000533,3.6548,0.75203615,2.3423293 
5,1576013000552,7.1419487,0.5748047,4.3014555 
5,1576013000572,11.587105,1.0346485,5.484595 
5,1576013000591,15.955621,1.9447559,5.9300685 
5,1576013000607,17.684826,3.3817677,5.609136 
5,1576013000626,18.393751,4.368516,5.4750147 
5,1576013000652,20.443888,4.311035,5.225933 
5,1576013000670,20.458258,4.5074267,4.87147 
5,1576013000691,18.762585,4.7325587,4.6894484 
5,1576013000712,16.937578,4.5744877,3.9374123 
5,1576013000731,14.710211,3.8607717,4.138594 
5,1576013000748,11.8074465,2.9650342,4.181704 
5,1576013000770,8.5598,2.1698878,3.6021094 
5,1576013000789,5.1924024,1.4370118,2.8740237 
5,1576013000808,1.8585353,0.81909674,1.8010547 
5,1576013000829,-0.76161623,0.09101075,0.89573735 
5,1576013000850,-3.1135256,-0.78556645,0.53169435 
5,1576013000870,-6.959927,-1.6477735,1.8250049 
5,1576013000889,-12.439732,-0.89573735,2.318379 
5,1576013000911,-16.530426,1.0681788,-2.806963 
5,1576013000934,-20.122955,2.8452833,-6.6773148 
5,1576013000954,-24.850723,3.908672,-2.9410841 
5,1576013000973,-25.104595,3.2572267,-0.45984375 
5,1576013000994,-22.331163,2.6057813,-2.3614893 
5,1576013001013,-21.416265,3.2668068,-3.3578174 
5,1576013001030,-20.946842,4.138594,-3.4440382 
5,1576013001054,-18.647623,4.0427933,-4.5409575 
5,1576013001075,-15.194005,3.2045362,-5.1636624 
5,1576013001095,-12.2433405,2.3758595,-4.373306 
5,1576013001114,-9.8866415,1.6094532,-3.7362306 
5,1576013001132,-7.1084185,0.5556446,-3.7266505 
5,1576013001154,-3.8128712,-0.7041358,-2.562671 
5,1576013001173,0.3784131,-1.9591261,-0.4981641 
5,1576013001194,5.5468655,-2.802173,2.8836036 
5,1576013001214,11.558365,-2.6536818,6.6102543 
5,1576013001231,16.875309,-1.6142433,9.168135 
5,1576013001251,19.251167,0.05269043,11.112891 
5,1576013001270,19.667902,1.3172607,11.697276 
5,1576013001291,20.966002,1.6813037,10.097403 
5,1576013001311,22.201832,1.6286134,8.133487 
5,1576013001334,20.894152,2.1650977,6.351592 
5,1576013001353,17.914747,2.9937747,4.91937 
5,1576013001374,14.801221,3.415298,4.397256 
5,1576013001395,12.4541025,3.3051271,4.617598 
5,1576013001420,10.653048,2.6009912,4.0811133 
5,1576013001433,7.7071733,1.8824854,3.0799952 
5,1576013001455,4.5601172,1.1927198,2.0405567 
5,1576013001477,1.8920655,0.4406836,0.9436377 
5,1576013001496,-0.23950197,-0.20597169,0.3544629 
5,1576013001516,-2.3614893,-0.79035646,-0.34488282 
5,1576013001542,-5.0822315,-1.2837305,-0.45984375 
5,1576013001556,-8.53585,-1.0633887,-1.1064991 
5,1576013001574,-13.210928,0.10538086,-1.839375 
5,1576013001597,-18.925446,2.2129982,-2.7063723 
5,1576013001617,-22.838907,3.66438,-5.029541 
5,1576013001636,-23.25564,3.8895118,-5.4750147 
5,1576013001656,-22.565874,3.0991554,-2.811753 
5,1576013001674,-22.302423,2.7590625,-1.2070899 
5,1576013001695,-21.684507,3.4727786,-2.6441016 
5,1576013001717,-20.76482,4.373306,-3.0081446 
5,1576013001740,-18.647623,4.1625443,-3.3530276 
5,1576013001751,-15.107784,3.2476466,-4.0763235 
5,1576013001774,-11.970308,2.4525,-3.7122805 
5,1576013001827,-9.172925,1.839375,-2.8883936 
5,1576013001827,-6.13604,1.2070899,-2.2944288 
5,1576013001832,-3.1039455,0.56522465,-0.9196875 
5,1576013001852,-0.06706055,0.1580713,1.0538087 
5,1576013001871,2.811753,-0.028740235,3.6931202 
5,1576013001893,6.016289,0.09101075,6.10251 
5,1576013001913,10.221944,0.30177248,8.123906 
5,1576013001936,14.65273,0.7089258,9.843531 
5,1576013001956,18.901495,1.0011182,10.533297 
5,1576013001976,20.065474,2.0261867,8.966953 
5,1576013001997,19.040405,2.8644435,6.8880763 
5,1576013002016,17.584234,3.420088,5.3408937 
5,1576013002039,16.367563,4.0523734,4.5696974 
5,1576013002057,15.524517,3.8895118,4.6654983 
5,1576013002075,13.531861,3.4248781,5.087022 
5,1576013002096,10.863809,3.2620168,4.8139896 
5,1576013002117,8.095166,2.9985645,4.0906935 
5,1576013002137,5.130132,2.2608986,3.4248781 
5,1576013002159,2.2225783,1.2310401,2.4333398 
5,1576013002179,-0.27303225,0.5412744,0.6322852 
5,1576013002198,-2.304009,0.05748047,-1.1639795 
5,1576013002219,-4.6990285,-0.8286768,-1.5232325 
5,1576013002235,-8.981323,-1.2597803,-0.5604346 
5,1576013002255,-15.677798,0.0047900393,-0.4263135 
5,1576013002275,-22.03897,2.6057813,-2.8404932 
5,1576013002295,-25.099806,4.655918,-6.1216702 
5,1576013002315,-25.918903,4.152964,-5.3121533 
5,1576013002339,-23.811285,2.811753,-1.3795313 
5,1576013002356,-21.794678,2.4333398,0.5556446 
5,1576013002377,-20.237915,3.4488282,-0.79035646 
5,1576013002396,-18.978136,4.4834766,-2.189048 
5,1576013002417,-17.03817,4.2918754,-2.3519094 
5,1576013002439,-14.087505,3.276387,-2.7015822 
5,1576013002458,-10.490186,2.4860303,-3.2045362 
5,1576013002480,-7.711963,2.0261867,-2.43813 
5,1576013002501,-5.0534916,1.5998731,-1.2454102 
5,1576013002521,-1.9878663,0.977168,-0.5364844 
5,1576013002541,1.3603711,0.34009278,0.7232959 
5,1576013002560,5.1876125,0.15328126,3.1614258 
5,1576013002581,9.134604,0.3879932,5.6761966 
5,1576013002601,13.479171,0.728086,7.7071733 
5,1576013002621,17.24414,1.2454102,8.186177 
5,1576013002641,18.16383,2.0118165,9.172925 
5,1576013002660,17.277672,2.816543,9.75731 
5,1576013002679,15.170054,3.5542092,8.717872 
5,1576013002699,13.546231,4.282295,7.2664895 
5,1576013002720,13.311519,4.1146436,6.365962 
5,1576013002739,13.2492485,3.803291,6.10251 
5,1576013002757,12.056529,3.7027004,5.489385 
5,1576013002778,10.145303,3.4057178,4.3062453 
5,1576013002797,7.3814507,2.912344,3.5925295 
5,1576013002818,3.803291,2.4668703,3.295547 
5,1576013002839,1.096919,2.078877,2.6536818 
5,1576013002860,-0.6993457,1.3507911,0.90052736 
5,1576013002880,-2.4620802,0.71371585,-0.60354495 
5,1576013002898,-4.996011,0.119750984,-1.5807129 
5,1576013002920,-9.335787,0.1101709,-1.336421 
5,1576013002943,-16.238234,1.6573536,-0.3161426 
5,1576013002963,-23.820866,4.2343946,-1.7004639 
5,1576013002983,-25.55007,5.9013286,-6.5048733 
5,1576013003003,-22.580246,4.7948294,-8.449629 
5,1576013003023,-20.525318,3.171006,-4.0906935 
5,1576013003044,-19.931353,3.5015187,-0.3305127 
5,1576013003062,-18.949396,4.7133985,-1.3268409 
5,1576013003081,-17.502804,5.3313136,-3.539839 
5,1576013003098,-15.203585,4.6750784,-4.4212065 
5,1576013003120,-12.741505,3.5829494,-4.167334 
5,1576013003141,-10.068663,2.7015822,-3.4488282 
5,1576013003163,-7.510782,2.059717,-2.802173 
5,1576013003183,-5.1924024,1.5184424,-1.8058448 
5,1576013003201,-2.1315675,0.8047266,-0.9627979 
5,1576013003223,1.2406201,0.11496094,1.0681788 
5,1576013003239,5.0726514,-0.2682422,4.2104445 
5,1576013003259,10.605147,0.21076173,7.510782 
5,1576013003278,16.01789,1.2885206,9.335787 
5,1576013003300,18.532661,2.6249416,9.996812 
5,1576013003319,18.585352,3.4344583,9.987232 
5,1576013003341,17.16271,4.0427933,8.722662 
5,1576013003361,15.620318,4.5457473,6.696475 
5,1576013003382,14.494658,4.8571,5.3935843 
5,1576013003404,13.833633,4.703819,5.249883 
5,1576013003424,13.0384865,4.3158255,5.240303 
5,1576013003443,12.1235895,3.7218604,4.5457473 
5,1576013003463,10.5764065,2.8213332,3.5254688 
5,1576013003481,7.223379,2.189048,2.3998096 
5,1576013003506,3.7937112,1.8920655,0.9963282 
5,1576013003525,1.3028907,1.4034815,-0.14370118 
5,1576013003545,-1.1687696,0.68976563,-1.1160791 
5,1576013003562,-3.7266505,-0.12454102,-1.3028907 
5,1576013003584,-7.3000197,-0.6562354,-0.53169435 
5,1576013003605,-10.854229,-0.14370118,-2.6249416 
5,1576013003626,-14.0300255,0.46942386,-6.12646 
5,1576013003646,-21.181553,2.2465284,-3.7410207 
5,1576013003664,-26.675728,4.655918,-1.5471827 
5,1576013003682,-24.759712,4.095484,-4.967271 
5,1576013003704,-22.187462,2.4189699,-4.718189 
5,1576013003725,-20.903732,2.2704787,-2.193838 
5,1576013003741,-19.299068,2.9650342,-1.3603711 
5,1576013003761,-17.282461,3.4967287,-2.3998096 
5,1576013003781,-14.68626,3.4919386,-4.2008643 
5,1576013003800,-11.994258,3.175796,-5.3169436 
5,1576013003822,-10.279425,2.7542725,-4.1002736 
5,1576013003844,-8.47837,1.8681153,-2.43813 
5,1576013003865,-5.0678616,0.6945557,-1.949546 
5,1576013003886,-0.64186525,0.4023633,-1.7435743 
5,1576013003903,3.2189064,0.6227051,-0.12454102 
5,1576013003924,6.5384035,0.8813672,3.051255 
5,1576013003946,11.256593,1.2166699,6.1456203 
5,1576013003967,16.698076,2.1411476,7.434141 
5,1576013003987,20.66423,2.9650342,6.926397 
5,1576013004007,21.761148,3.6308498,7.0509377 
5,1576013004027,20.094215,4.2439747,7.1323686 
5,1576013004047,17.03817,4.90979,5.858218 
5,1576013004067,14.101875,5.1732426,4.88584 
5,1576013004087,12.281661,4.9289503,4.4451566 
5,1576013004106,10.854229,4.3397756,4.5840673 
5,1576013004126,9.249566,3.5637891,4.3254056 
5,1576013004147,6.9886675,2.8261232,3.2380664 
5,1576013004168,4.0859036,1.9591261,1.8106349 
5,1576013004188,1.0585986,1.0442286,0.2921924 
5,1576013004206,-1.6621436,0.35925296,-1.2502003 
5,1576013004226,-5.604346,-0.20597169,-1.0106983 
5,1576013004245,-12.396622,0.23950197,1.1304493 
5,1576013004263,-17.560284,2.6249416,-1.695674 
5,1576013004283,-17.263302,4.8187795,-8.58854 
5,1576013004304,-16.674128,5.2738333,-9.833951 
5,1576013004323,-19.758911,4.2918754,-1.9878663 
5,1576013004346,-20.549269,3.8272414,3.2859669 
5,1576013004365,-18.27879,3.908672,0.52690434 
5,1576013004389,-17.847687,4.358936,-1.3795313 
5,1576013004407,-18.489552,4.8427296,-1.1064991 
5,1576013004429,-17.17708,4.751719,-1.5471827 
5,1576013004449,-14.058765,3.8847218,-2.0309765 
5,1576013004469,-11.414663,3.2380664,-1.8729054 
5,1576013004489,-9.766891,3.2141163,-1.5471827 
5,1576013004509,-8.646021,3.2332766,-1.4370118 
5,1576013004529,-6.471343,2.5051906,-2.0070264 
5,1576013004547,-2.9698243,1.2166699,-1.6094532 
5,1576013004568,1.695674,0.28740236,-0.22992188 
5,1576013004587,6.471343,0.1820215,1.9399658 
5,1576013004610,10.7871685,0.56522465,5.1684523 
5,1576013004630,14.288687,1.6429834,7.060518 
5,1576013004650,17.311201,2.6536818,7.3718705 
5,1576013004669,18.681152,3.1231055,7.711963 
5,1576013004687,19.30865,3.319497,7.7167535 
5,1576013004710,18.652412,3.5063088,6.600674 
5,1576013004731,16.928,3.7266505,5.9396486 
5,1576013004748,14.954503,3.7601807,5.8007374 
5,1576013004765,12.913946,3.4248781,5.5229154 
5,1576013004787,11.165582,3.1422658,4.9864306 
5,1576013004806,10.087823,2.792593,4.3206153 
5,1576013004828,8.267608,2.3423293,3.803291 
5,1576013004846,5.029541,1.9208057,3.2524366 
5,1576013004868,1.8489552,1.7387843,1.8776954 
5,1576013004890,-0.1580713,1.2022998,0.014370117 
5,1576013004910,-2.5099807,0.6945557,-2.3758595 
5,1576013004928,-5.513335,0.364043,-3.9182522 
5,1576013004950,-9.125025,0.6562354,-4.2056546 
5,1576013004969,-14.240787,2.1746778,-3.391348 
5,1576013004989,-21.531227,4.4259963,-2.083667 
5,1576013005011,-26.163195,5.9156985,-4.493057 
5,1576013005027,-24.275919,6.581514,-7.7071733 
5,1576013005050,-19.931353,4.679868,-6.07856 
5,1576013005071,-17.589024,3.8272414,-0.49337405 
5,1576013005097,-15.955621,4.5744877,1.0585986 
5,1576013005111,-14.494658,5.3313136,-0.5748047 
5,1576013005129,-13.330679,5.3025737,-1.7435743 
5,1576013005157,-11.591895,4.87147,-2.6488917 
5,1576013005172,-10.035132,4.4355764,-2.572251 
5,1576013005192,-8.291558,3.9709425,-1.9351759 
5,1576013005216,-6.231841,3.439248,-1.0538087 
5,1576013005229,-3.5254688,2.8596535,-0.4742139 
5,1576013005251,-0.5029541,2.308799,0.79035646 
5,1576013005266,2.548301,1.7339942,2.9650342 
5,1576013005286,7.582632,1.3028907,5.101392 
5,1576013005308,14.106666,1.3124708,6.3899126 
5,1576013005327,19.54336,1.341211,6.840176 
5,1576013005350,20.606749,2.059717,7.1419487 
5,1576013005367,19.380499,2.9746144,7.194639 
5,1576013005391,18.24526,3.0704153,6.06419 
5,1576013005410,16.185543,3.7649708,4.3637257 
5,1576013005432,14.475498,4.2343946,3.175796 
5,1576013005453,12.746294,4.2248144,3.1470559 
5,1576013005473,10.921289,3.8847218,3.4344583 
5,1576013005493,9.125025,3.410508,3.5494192 
5,1576013005513,6.6437845,3.0656252,2.7638526 
5,1576013005534,3.2524366,3.1949563,1.1927198 
5,1576013005550,0.16286133,3.3386574,-0.20597169 
5,1576013005574,-2.1363575,3.2668068,-1.6381935 
5,1576013005594,-3.63564,3.2093263,-3.0225148 
5,1576013005614,-5.6905665,2.7734327,-3.0368848 
5,1576013005634,-10.380015,2.5387208,-1.0154883 
5,1576013005648,-15.155684,3.6212697,-1.5567628 
5,1576013005672,-17.612974,5.216353,-5.010381 
5,1576013005690,-18.810484,5.7815776,-5.968389 
5,1576013005713,-20.77919,5.278623,-1.8154249 
5,1576013005730,-21.286934,4.5553274,0.9436377 
5,1576013005750,-19.112257,4.5696974,-0.6322852 
5,1576013005770,-16.990269,4.9529004,-1.6525636 
5,1576013005791,-15.620318,5.3217335,-1.4130616 
5,1576013005810,-13.311519,5.3792143,-2.2944288 
5,1576013005830,-10.341695,5.240303,-3.558999 
5,1576013005849,-7.6353226,5.087022,-4.2104445 
5,1576013005873,-5.3313136,4.8331494,-4.703819 
5,1576013005892,-3.0847852,4.3254056,-4.282295 
5,1576013005912,-0.7664063,3.4584084,-1.7244141 
5,1576013005933,1.3986914,2.6441016,2.0118165 
5,1576013005955,4.143384,2.0453467,5.853428 
5,1576013005976,8.262817,1.6860938,9.924961 
5,1576013005995,11.443404,1.8968556,12.961846 
5,1576013006013,12.319981,2.806963,12.904366 
5,1576013006036,10.461446,4.382886,10.059082 
5,1576013006056,8.052056,5.9204884,6.8976564 
5,1576013006076,6.6485744,6.6294146,5.369634 
5,1576013006096,5.494175,6.710845,5.704937 
5,1576013006115,4.368516,6.7874856,6.476133 
5,1576013006133,3.803291,6.959927,6.447393 
5,1576013006156,3.6404297,7.2329593,5.858218 
5,1576013006176,3.5542092,7.5155716,5.1780324 
5,1576013006196,3.4488282,7.688013,4.7469287 
5,1576013006214,3.6404297,7.606582,4.82357 
5,1576013006233,3.7027004,7.5155716,4.9241605 
5,1576013006252,3.6500099,7.573052,4.9433208 
5,1576013006273,3.4871485,7.7694435,4.608018 
5,1576013006290,3.1039455,8.028106,4.176914 
5,1576013006312,2.8213332,8.181387,3.6404297 
5,1576013006332,2.7303224,8.152647,3.3626075 
5,1576013006353,2.5866213,8.109536,3.4727786 
5,1576013006376,2.4045997,8.176597,3.5973196 
5,1576013006396,2.3662794,8.272398,3.5110989 
5,1576013006416,2.5147705,8.205338,3.4584084 
5,1576013006436,2.5866213,8.090376,3.5015187 
5,1576013006455,2.5099807,8.028106,3.7458107 
5,1576013006476,2.5291407,8.128696,3.7170706 
5,1576013006494,2.3998096,8.267608,3.410508 
5,1576013006518,2.2896388,8.238868,3.1901662 
5,1576013006538,2.3806496,8.085587,3.2620168 
5,1576013006558,2.2848487,8.061636,3.7170706 
5,1576013006578,2.203418,8.167017,3.8655617 
5,1576013006599,2.2944288,8.181387,3.65959 
5,1576013006619,2.327959,8.167017,3.3721876 
5,1576013006638,2.1650977,8.195757,3.4296682 
5,1576013006659,2.318379,8.253238,3.3434474 
5,1576013006676,2.5866213,8.277188,3.295547 
5,1576013006694,2.6153615,8.286768,3.4727786 
5,1576013006718,2.572251,8.229287,3.6068995 
5,1576013006736,2.4620802,8.229287,3.6212697 
5,1576013006758,2.5866213,8.224498,3.4919386 
5,1576013006775,2.6249416,8.296348,3.4775686 
5,1576013006796,2.6009912,8.310719,3.65959 
5,1576013006814,2.687212,8.301138,3.6068995 
5,1576013006834,2.7111623,8.3250885,3.5733693 
5,1576013006856,2.6297317,8.315508,3.6883302 
5,1576013006878,2.5243506,8.291558,3.67875 
5,1576013006898,2.42855,8.305928,3.5254688 
5,1576013006918,2.4093897,8.334668,3.5063088 
5,1576013006939,2.5004005,8.310719,3.5877395 
5,1576013006960,2.4572902,8.258028,3.6021094 
5,1576013006980,2.2848487,8.253238,3.66438 
5,1576013007000,2.2656887,8.267608,3.5637891 
5,1576013007020,2.299219,8.248447,3.530259 
5,1576013007040,2.3950195,8.224498,3.6739602 
5,1576013007060,2.4093897,8.167017,3.8847218 
5,1576013007080,2.318379,8.162227,4.028423 
5,1576013007100,2.3902297,8.195757,3.8607717 
5,1576013007119,2.4716604,8.291558,3.6883302 
5,1576013007137,2.5051906,8.363408,3.5973196 
5,1576013007160,2.5818312,8.286768,3.6212697 
5,1576013007180,2.4956105,8.2197075,4.0811133 
5,1576013007200,2.44292,8.2197075,4.3445654 
5,1576013007218,2.6153615,8.272398,3.9278321 
5,1576013007239,2.6009912,8.286768,3.558999 
5,1576013007258,2.44771,8.281978,3.6883302 
5,1576013007276,2.43813,8.267608,3.894302 
5,1576013007296,2.42855,8.320298,3.9565725 
5,1576013007316,2.44292,8.320298,3.8416114 
5,1576013007336,2.5051906,8.296348,3.5110989 
5,1576013007356,2.2896388,8.329878,3.5015187 
5,1576013007380,2.0932472,8.368198,3.6739602 
5,1576013007400,2.088457,8.387359,3.5829494 
5,1576013007420,2.2608986,8.353828,3.3242872 
5,1576013007442,2.318379,8.339458,3.3673975 
5,1576013007462,2.2129982,8.377779,3.6116896 
5,1576013007482,2.2129982,8.339458,3.755391 
5,1576013007502,2.323169,8.262817,3.7601807 
5,1576013007520,2.3327491,8.281978,3.6308498 
5,1576013007542,2.2752686,8.320298,3.4488282 
5,1576013007562,2.2513185,8.353828,3.4009278 
5,1576013007583,2.2848487,8.406519,3.4823585 
5,1576013007602,2.4141798,8.358619,3.515889 
5,1576013007623,2.42855,8.262817,3.6883302 
5,1576013007643,2.3135889,8.234077,3.923042 
5,1576013007663,2.327959,8.3250885,3.784131 
5,1576013007681,2.3519094,8.473579,3.4344583 
5,1576013007698,2.2608986,8.655601,2.6105714 
5,1576013007719,2.4572902,8.780142,1.3986914 
5,1576013007738,2.193838,8.641231,3.4536183 
